<?xml version="1.0" encoding="utf-8"?>
<!--/251711/1351761/2.50/7/4/Switch/-->
<quadcept_library>
  <setting unit="mil" />
  <textstyle name="Default" height="47.244094488189" strokewidth="7.8740157480315" charwidth="47.244094488189" />
  <textstyle name="Dimension" height="19.6850393700787" strokewidth="0" charwidth="19.6850393700787" />
  <textstyle name="H127W0635TH00762" height="50" strokewidth="3" charwidth="25" />
  <textstyle name="H15W15TH02" height="59.0551181102362" strokewidth="7.8740157480315" charwidth="59.0551181102362" />
  <padstyle name="r100_80" surface="True" plated="False" isvia="False" nopaste="False" nomask="True" complex="False" holesize="0">
    <padshape layer="TOP" shape="rectangle" width="31.496062992126" height="39.370078740157" />
    <padshape layer="TOP_SOLDER_MASK" shape="rectangle" width="39.370078740157" height="47.244094488188" />
    <padshape layer="TOP_SOLDER_PASTE" shape="rectangle" width="31.496062992126" height="39.370078740157" />
  </padstyle>
  <padstyle name="r150_70" surface="True" plated="False" isvia="False" nopaste="False" nomask="True" complex="False" holesize="0">
    <padshape layer="TOP" shape="rectangle" width="27.55905511811" height="59.055118110235" />
    <padshape layer="TOP_SOLDER_MASK" shape="rectangle" width="35.433070866141" height="66.929133858267" />
    <padshape layer="TOP_SOLDER_PASTE" shape="rectangle" width="27.55905511811" height="59.055118110235" />
  </padstyle>
  <padstyle name="c45_h90" surface="False" plated="True" isvia="False" nopaste="True" nomask="True" complex="False" holesize="35.433070866141">
    <padshape layer="TOP" shape="round" width="17.716535433071" height="17.716535433071" />
    <padshape layer="TOP_SOLDER_MASK" shape="round" width="25.590551181102" height="25.590551181102" />
    <padshape layer="INNER" shape="round" width="17.716535433071" height="17.716535433071" />
    <padshape layer="BOTTOM" shape="round" width="17.716535433071" height="17.716535433071" />
    <padshape layer="BOTTOM_SOLDER_MASK" shape="round" width="25.590551181102" height="25.590551181102" />
  </padstyle>
  <footprint name="SSSS811101" originx="0" originy="0" pickpointx="0" pickpointy="0">
    <pcbpin number="1" name="1" style="r150_70" originx="-88.582677165353" originy="68.897637795275" rotation="0" />
    <pcbpin number="2" name="2" style="r150_70" originx="29.527559055118" originy="68.897637795275" rotation="0" />
    <pcbpin number="3" name="3" style="r150_70" originx="88.582677165353" originy="68.897637795275" rotation="0" />
    <pcbpin number="4" name="4" style="r100_80" originx="-143.70078740157" originy="43.307086614173" rotation="90" />
    <pcbpin number="5" name="5" style="r100_80" originx="-143.70078740157" originy="-43.307086614173" rotation="90" />
    <pcbpin number="6" name="6" style="r100_80" originx="143.70078740157" originy="43.307086614173" rotation="90" />
    <pcbpin number="7" name="7" style="r100_80" originx="143.70078740157" originy="-43.307086614173" rotation="90" />
    <pcbpin number="8" name="8" style="c45_h90" originx="-59.055118110235" originy="0" rotation="90" />
    <pcbpin number="9" name="9" style="c45_h90" originx="59.055118110235" originy="0" rotation="90" />
    <line layer="TOP_ASSEMBLY" originx="-131.88976377953" originy="51.181102362204" endx="131.88976377953" endy="51.181102362204" width="7.8740157480314" />
    <line layer="TOP_ASSEMBLY" originx="131.88976377953" originy="51.181102362204" endx="131.88976377953" endy="-51.181102362204" width="7.8740157480314" />
    <line layer="TOP_ASSEMBLY" originx="131.88976377953" originy="-51.181102362204" endx="-131.88976377953" endy="-51.181102362204" width="7.8740157480314" />
    <line layer="TOP_ASSEMBLY" originx="-131.88976377953" originy="-51.181102362204" endx="-131.88976377953" endy="51.181102362204" width="7.8740157480314" />
    <line layer="TOP_PLACE_BOUND" originx="-202.75590551181" originy="161.02362204724" endx="202.75590551181" endy="161.02362204724" width="3.9370078740157" />
    <line layer="TOP_PLACE_BOUND" originx="202.75590551181" originy="161.02362204724" endx="202.75590551181" endy="-98.425196850392" width="3.9370078740157" />
    <line layer="TOP_PLACE_BOUND" originx="202.75590551181" originy="-98.425196850392" endx="-202.75590551181" endy="-98.425196850392" width="3.9370078740157" />
    <line layer="TOP_PLACE_BOUND" originx="-202.75590551181" originy="-98.425196850392" endx="-202.75590551181" endy="161.02362204724" width="3.9370078740157" />
    <line layer="TOP_SILKSCREEN" originx="-108.18897637795" originy="-51.181102362204" endx="108.18897637795" endy="-51.181102362204" width="7.8740157480314" />
    <line layer="TOP_SILKSCREEN" originx="-131.88976377953" originy="15.748031496063" endx="-131.88976377953" endy="-15.748031496063" width="7.8740157480314" />
    <line layer="TOP_SILKSCREEN" originx="131.88976377953" originy="15.748031496063" endx="131.88976377953" endy="-15.748031496063" width="7.8740157480314" />
    <line layer="TOP_SILKSCREEN" originx="-89.370078740156" originy="120.3937007874" endx="-89.370078740156" endy="120.3937007874" width="2.4826771653543" />
    <arc layer="TOP_SILKSCREEN" originx="-88.110236220471" originy="120.3937007874" startangle="180.0" sweepangle="180.0" radius="1.259842519685" width="2.4826771653543" />
    <line layer="TOP_SILKSCREEN" originx="-86.850393700786" originy="120.3937007874" endx="-86.850393700786" endy="120.3937007874" width="2.4826771653543" />
    <arc layer="TOP_SILKSCREEN" originx="-88.110236220471" originy="120.3937007874" startangle=".0" sweepangle="180.0" radius="1.259842519685" width="2.4826771653543" />
  </footprint>
  <symbol name="SSSS811101" originx="0" originy="0">
    <line originx="200" originy="100" endx="600" endy="100" width="0" />
    <line originx="600" originy="-400" endx="600" endy="100" width="0" />
    <line originx="600" originy="-400" endx="200" endy="-400" width="0" />
    <line originx="200" originy="100" endx="200" endy="-400" width="0" />
    <sympin number="1" originx="200" originy="0" rotation="180" length="100" width="7.8740157480315" flipped="False">
      <text name="pinname" originx="230" originy="0" style="Default" rotation="0" justify="left" flipped="False" hidden="False" data="1" />
      <text name="pindes" originx="140" originy="20" style="Default" rotation="0" justify="lowerright" flipped="False" hidden="False" data="1" />
    </sympin>
    <sympin number="2" originx="200" originy="-100" rotation="180" length="100" width="7.8740157480315" flipped="False">
      <text name="pinname" originx="230" originy="-100" style="Default" rotation="0" justify="left" flipped="False" hidden="False" data="2" />
      <text name="pindes" originx="140" originy="-80" style="Default" rotation="0" justify="lowerright" flipped="False" hidden="False" data="2" />
    </sympin>
    <sympin number="3" originx="200" originy="-200" rotation="180" length="100" width="7.8740157480315" flipped="False">
      <text name="pinname" originx="230" originy="-200" style="Default" rotation="0" justify="left" flipped="False" hidden="False" data="3" />
      <text name="pindes" originx="140" originy="-180" style="Default" rotation="0" justify="lowerright" flipped="False" hidden="False" data="3" />
    </sympin>
    <sympin number="4" originx="200" originy="-300" rotation="180" length="100" width="7.8740157480315" flipped="False">
      <text name="pinname" originx="230" originy="-300" style="Default" rotation="0" justify="left" flipped="False" hidden="False" data="4" />
      <text name="pindes" originx="140" originy="-280" style="Default" rotation="0" justify="lowerright" flipped="False" hidden="False" data="4" />
    </sympin>
    <sympin number="5" originx="600" originy="0" rotation="0" length="100" width="7.8740157480315" flipped="False">
      <text name="pinname" originx="570" originy="0" style="Default" rotation="0" justify="right" flipped="False" hidden="False" data="5" />
      <text name="pindes" originx="660" originy="20" style="Default" rotation="0" justify="lowerleft" flipped="False" hidden="False" data="5" />
    </sympin>
    <sympin number="6" originx="600" originy="-100" rotation="0" length="100" width="7.8740157480315" flipped="False">
      <text name="pinname" originx="570" originy="-100" style="Default" rotation="0" justify="right" flipped="False" hidden="False" data="6" />
      <text name="pindes" originx="660" originy="-80" style="Default" rotation="0" justify="lowerleft" flipped="False" hidden="False" data="6" />
    </sympin>
    <sympin number="7" originx="600" originy="-200" rotation="0" length="100" width="7.8740157480315" flipped="False">
      <text name="pinname" originx="570" originy="-200" style="Default" rotation="0" justify="right" flipped="False" hidden="False" data="7" />
      <text name="pindes" originx="660" originy="-180" style="Default" rotation="0" justify="lowerleft" flipped="False" hidden="False" data="7" />
    </sympin>
  </symbol>
  <component name="SSSS811101" designatorprefix="S" height="62.992125984251" footprint="SSSS811101">
    <comppin designator="1" sympin="1" pinswap="0" gateswap="0" gate="1" group="1" side="" type="Any" name="1" />
    <comppin designator="2" sympin="2" pinswap="0" gateswap="0" gate="1" group="1" side="" type="Any" name="2" />
    <comppin designator="3" sympin="3" pinswap="0" gateswap="0" gate="1" group="1" side="" type="Any" name="3" />
    <comppin designator="4" sympin="4" pinswap="0" gateswap="0" gate="1" group="1" side="" type="Any" name="4" />
    <comppin designator="5" sympin="5" pinswap="0" gateswap="0" gate="1" group="1" side="" type="Any" name="5" />
    <comppin designator="6" sympin="6" pinswap="0" gateswap="0" gate="1" group="1" side="" type="Any" name="6" />
    <comppin designator="7" sympin="7" pinswap="0" gateswap="0" gate="1" group="1" side="" type="Any" name="7" />
    <attached_symbol gate="1" name="SSSS811101" />
    <pinmap designator="1" footprintpin="1" />
    <pinmap designator="2" footprintpin="2" />
    <pinmap designator="3" footprintpin="3" />
    <pinmap designator="4" footprintpin="4" />
    <pinmap designator="5" footprintpin="5" />
    <pinmap designator="6" footprintpin="6" />
    <pinmap designator="7" footprintpin="7" />
    <text name="Datasheet" originx="0" originy="0" style="Default" rotation="0" justify="" flipped="False" hidden="True" data="" />
    <text name="Description" originx="0" originy="0" style="Default" rotation="0" justify="" flipped="False" hidden="True" data="Slide Switches SPDT HORZ GRND 1.5mm" />
    <text name="Mouser Part Number" originx="0" originy="0" style="Default" rotation="0" justify="" flipped="False" hidden="True" data="688-SSSS811101" />
    <text name="Mouser Price/Stock" originx="0" originy="0" style="Default" rotation="0" justify="" flipped="False" hidden="True" data="https://www.mouser.co.uk/ProductDetail/Alps-Alpine/SSSS811101?qs=m0BA540hBPe%2FELmLcs%2FcCA%3D%3D" />
    <text name="Manufacturer_Name" originx="0" originy="0" style="Default" rotation="0" justify="" flipped="False" hidden="True" data="ALPS Electric" />
    <text name="Manufacturer_Part_Number" originx="650" originy="200" style="Default" rotation="0" justify="left" flipped="False" hidden="False" data="SSSS811101" />
  </component>
</quadcept_library>
