<?xml version="1.0" encoding="utf-8"?>
<!--/17854077/1351761/2.50/4/3/Connector/-->
<quadcept_library>
  <setting unit="mil" />
  <textstyle name="Default" height="47.244094488189" strokewidth="7.8740157480315" charwidth="47.244094488189" />
  <textstyle name="Dimension" height="19.6850393700787" strokewidth="0" charwidth="19.6850393700787" />
  <textstyle name="H127W0635TH00762" height="50" strokewidth="3" charwidth="25" />
  <textstyle name="H15W15TH02" height="59.0551181102362" strokewidth="7.8740157480315" charwidth="59.0551181102362" />
  <padstyle name="r160_80" surface="True" plated="False" isvia="False" nopaste="False" nomask="True" complex="False" holesize="0">
    <padshape layer="TOP" shape="rectangle" width="31.496062992126" height="62.992125984251" />
    <padshape layer="TOP_SOLDER_MASK" shape="rectangle" width="39.370078740157" height="70.866141732283" />
    <padshape layer="TOP_SOLDER_PASTE" shape="rectangle" width="31.496062992126" height="62.992125984251" />
  </padstyle>
  <padstyle name="r300_210" surface="True" plated="False" isvia="False" nopaste="False" nomask="True" complex="False" holesize="0">
    <padshape layer="TOP" shape="rectangle" width="82.67716535433" height="118.11023622047" />
    <padshape layer="TOP_SOLDER_MASK" shape="rectangle" width="90.551181102361" height="125.9842519685" />
    <padshape layer="TOP_SOLDER_PASTE" shape="rectangle" width="82.67716535433" height="118.11023622047" />
  </padstyle>
  <footprint name="532614002" originx="0" originy="0" pickpointx="0" pickpointy="0">
    <pcbpin number="1" name="1" style="r160_80" originx="24.606299212598" originy="-98.425196850392" rotation="0" />
    <pcbpin number="2" name="2" style="r160_80" originx="-24.606299212598" originy="-98.425196850392" rotation="0" />
    <pcbpin number="3" name="MP1" style="r300_210" originx="125" originy="15.748031496063" rotation="0" />
    <pcbpin number="4" name="MP2" style="r300_210" originx="-125" originy="15.748031496063" rotation="0" />
    <line layer="TOP_PLACE_BOUND" originx="-205.70866141732" originy="137.79527559055" endx="205.70866141732" endy="137.79527559055" width="3.9370078740157" />
    <line layer="TOP_PLACE_BOUND" originx="205.70866141732" originy="137.79527559055" endx="205.70866141732" endy="-169.29133858268" width="3.9370078740157" />
    <line layer="TOP_PLACE_BOUND" originx="205.70866141732" originy="-169.29133858268" endx="-205.70866141732" endy="-169.29133858268" width="3.9370078740157" />
    <line layer="TOP_PLACE_BOUND" originx="-205.70866141732" originy="-169.29133858268" endx="-205.70866141732" endy="137.79527559055" width="3.9370078740157" />
    <line layer="TOP_ASSEMBLY" originx="-78.740157480314" originy="-66.929133858267" endx="-78.740157480314" endy="-23.622047244094" width="3.9370078740157" />
    <line layer="TOP_ASSEMBLY" originx="-78.740157480314" originy="-23.622047244094" endx="-142.71653543307" endy="-23.622047244094" width="3.9370078740157" />
    <line layer="TOP_ASSEMBLY" originx="-142.71653543307" originy="-23.622047244094" endx="-142.71653543307" endy="98.425196850392" width="3.9370078740157" />
    <line layer="TOP_ASSEMBLY" originx="-142.71653543307" originy="98.425196850392" endx="142.71653543307" endy="98.425196850392" width="3.9370078740157" />
    <line layer="TOP_ASSEMBLY" originx="142.71653543307" originy="98.425196850392" endx="142.71653543307" endy="-23.622047244094" width="3.9370078740157" />
    <line layer="TOP_ASSEMBLY" originx="142.71653543307" originy="-23.622047244094" endx="78.740157480314" endy="-23.622047244094" width="3.9370078740157" />
    <line layer="TOP_ASSEMBLY" originx="78.740157480314" originy="-23.622047244094" endx="78.740157480314" endy="-66.929133858267" width="3.9370078740157" />
    <line layer="TOP_ASSEMBLY" originx="78.740157480314" originy="-66.929133858267" endx="-78.740157480314" endy="-66.929133858267" width="3.9370078740157" />
    <line layer="TOP_SILKSCREEN" originx="142.71653543307" originy="86.614173228345" endx="142.71653543307" endy="98.425196850392" width="7.8740157480314" />
    <line layer="TOP_SILKSCREEN" originx="142.71653543307" originy="98.425196850392" endx="-142.71653543307" endy="98.425196850392" width="7.8740157480314" />
    <line layer="TOP_SILKSCREEN" originx="-142.71653543307" originy="98.425196850392" endx="-142.71653543307" endy="86.614173228345" width="7.8740157480314" />
    <line layer="TOP_SILKSCREEN" originx="24.606299212598" originy="-149.6062992126" endx="24.606299212598" endy="-149.6062992126" width="3.9370078740157" />
    <arc layer="TOP_SILKSCREEN" originx="24.606299212598" originy="-151.5748031496" startangle="90.0" sweepangle="180.0" radius="1.9685039370079" width="3.9370078740157" />
    <line layer="TOP_SILKSCREEN" originx="24.606299212598" originy="-153.54330708661" endx="24.606299212598" endy="-153.54330708661" width="3.9370078740157" />
    <arc layer="TOP_SILKSCREEN" originx="24.606299212598" originy="-151.5748031496" startangle="-90.0" sweepangle="180.0" radius="1.9685039370079" width="3.9370078740157" />
  </footprint>
  <symbol name="53261-4002" originx="0" originy="0">
    <line originx="200" originy="100" endx="700" endy="100" width="0" />
    <line originx="700" originy="-200" endx="700" endy="100" width="0" />
    <line originx="700" originy="-200" endx="200" endy="-200" width="0" />
    <line originx="200" originy="100" endx="200" endy="-200" width="0" />
    <sympin number="1" originx="200" originy="-100" rotation="180" length="100" width="7.8740157480315" flipped="False">
      <text name="pinname" originx="230" originy="-100" style="Default" rotation="0" justify="left" flipped="False" hidden="False" data="1" />
      <text name="pindes" originx="140" originy="-80" style="Default" rotation="0" justify="lowerright" flipped="False" hidden="False" data="1" />
    </sympin>
    <sympin number="2" originx="200" originy="0" rotation="180" length="100" width="7.8740157480315" flipped="False">
      <text name="pinname" originx="230" originy="0" style="Default" rotation="0" justify="left" flipped="False" hidden="False" data="2" />
      <text name="pindes" originx="140" originy="20" style="Default" rotation="0" justify="lowerright" flipped="False" hidden="False" data="2" />
    </sympin>
    <sympin number="3" originx="700" originy="-100" rotation="0" length="100" width="7.8740157480315" flipped="False">
      <text name="pinname" originx="670" originy="-100" style="Default" rotation="0" justify="right" flipped="False" hidden="False" data="MP1" />
      <text name="pindes" originx="760" originy="-80" style="Default" rotation="0" justify="lowerleft" flipped="False" hidden="False" data="MP1" />
    </sympin>
    <sympin number="4" originx="700" originy="0" rotation="0" length="100" width="7.8740157480315" flipped="False">
      <text name="pinname" originx="670" originy="0" style="Default" rotation="0" justify="right" flipped="False" hidden="False" data="MP2" />
      <text name="pindes" originx="760" originy="20" style="Default" rotation="0" justify="lowerleft" flipped="False" hidden="False" data="MP2" />
    </sympin>
  </symbol>
  <component name="53261-4002" designatorprefix="J" height="141.73228346457" footprint="532614002">
    <comppin designator="1" sympin="1" pinswap="0" gateswap="0" gate="1" group="1" side="" type="Any" name="1" />
    <comppin designator="2" sympin="2" pinswap="0" gateswap="0" gate="1" group="1" side="" type="Any" name="2" />
    <comppin designator="MP1" sympin="3" pinswap="0" gateswap="0" gate="1" group="1" side="" type="Any" name="MP1" />
    <comppin designator="MP2" sympin="4" pinswap="0" gateswap="0" gate="1" group="1" side="" type="Any" name="MP2" />
    <attached_symbol gate="1" name="53261-4002" />
    <pinmap designator="1" footprintpin="1" />
    <pinmap designator="2" footprintpin="2" />
    <pinmap designator="MP1" footprintpin="3" />
    <pinmap designator="MP2" footprintpin="4" />
    <text name="Datasheet" originx="0" originy="0" style="Default" rotation="0" justify="" flipped="False" hidden="True" data="https://www.molex.com/content/dam/molex/molex-dot-com/products/automated/en-us/salesdrawingpdf/532/53261/532614002_sd.pdf" />
    <text name="Description" originx="0" originy="0" style="Default" rotation="0" justify="" flipped="False" hidden="True" data="Headers &amp; Wire Housings PicoBlade 1.25 SMT RA PKG" />
    <text name="Mouser Part Number" originx="0" originy="0" style="Default" rotation="0" justify="" flipped="False" hidden="True" data="538-53261-4002" />
    <text name="Mouser Price/Stock" originx="0" originy="0" style="Default" rotation="0" justify="" flipped="False" hidden="True" data="https://www.mouser.co.uk/ProductDetail/Molex/53261-4002?qs=iLbezkQI%252BshUNmCEdUmJaQ%3D%3D" />
    <text name="Manufacturer_Name" originx="0" originy="0" style="Default" rotation="0" justify="" flipped="False" hidden="True" data="Molex" />
    <text name="Manufacturer_Part_Number" originx="750" originy="200" style="Default" rotation="0" justify="left" flipped="False" hidden="False" data="53261-4002" />
  </component>
</quadcept_library>
